time_s,temperature_K
0.0,816.63
2.0,700.65
2.0,667.71
12.0,681.44
18.0,694.48
24.0,706.14
28.0,719.18
30.0,731.54
35.0,743.89
38.0,756.24
40.0,767.91
43.0,781.63
44.0,794.67
48.0,807.71
50.0,820.07
52.0,831.73
54.0,844.77
59.0,856.44
60.0,869.48
64.0,881.14
74.0,892.12
80.0,883.2
84.0,870.85
90.0,857.81
94.0,845.46
100.0,833.1
108.0,822.12
116.0,813.89
134.0,804.28
152.0,793.3
174.0,784.38
194.0,776.14
212.0,769.28
224.0,764.48
236.0,761.05
256.0,754.18
280.0,746.63
312.0,739.09
342.0,732.91
374.0,726.73
398.0,723.3
432.0,719.87
498.0,715.07
524.0,713.69
552.0,713.01
610.0,710.26
656.0,708.89
736.0,706.83
824.0,705.46
896.0,704.77
