time,TTC-31,mass_flow_PP,mass_flux_PP,post_func,report_pressure_outlet
-1,624.7,0,2867.771168248,486199.99999999,200000
-0.9,740.28011575719,2.45,2867.771168248,486199.99999999,200000
-0.79,792.90144113499,2.45,2867.771168248,486199.99999999,200000
-0.669,809.09175571369,2.45,2867.771168248,486199.99999999,200000
-0.5359,812.75697036318,2.45,2867.771168248,486199.99999999,200000
-0.38949,813.41880295662,2.45,2867.771168248,486199.99999999,200000
-0.228439,813.52787923234,2.45,2867.771168248,486199.99999999,200000
-0.0512829,813.54436180225,2.45,2867.771168248,486199.99999999,200000
0.14358881,796.56544994182,2.4232654076628,2836.4778241258,430230.27489992,200000
0.357947691,767.80540375377,2.3833542384192,2789.7610484328,346674.96413213,200000
0.5937424601,733.82888692054,2.3394519522512,2738.3725951704,254764.12228752,200000
0.85311670611,695.07845149706,2.2911594374664,2681.8452965819,153662.19625848,200000
1.138428376721,668.73736275692,2.2380376712032,2619.6652681345,94587.379913018,200000
1.4522712143931,663.61335067575,2.1796037283136,2551.2672368424,90458.99616184,200000
1.7974983358324,662.16395025125,2.1153263911351,2476.029402421,85917.774035545,200000
2.1772481694157,661.36368974748,2.0446213202388,2393.2677845575,81819.961178317,200000
2.5949729863572,660.97680062437,1.9668457422528,2302.2300049077,78440.315387192,200000
3.0544702849929,660.60486403742,1.8812926064681,2202.0884472929,74722.70501695,200000
3.5599173134922,660.24578987566,1.7871841571051,2091.9327339166,70782.492745451,200000
4.1159090448415,660.3810789004,1.6836648628057,1970.7614492026,67668.279065992,200000
4.7274999493256,660.62040561956,1.5697936390764,1837.4730360173,64242.644018584,200000
5.4002499442582,661.32872754197,1.4445352929741,1690.8557815135,61221.737135683,200000
6.140274938684,662.61788124826,1.3067511122617,1529.5768015592,58458.391658703,200000
6.9543024325524,664.33816849961,1.155188513478,1352.1699236096,55418.711634024,200000
7.8497326758076,666.9954753648,0.99490467587535,1164.5546712777,52514.336102474,200000
8.8347059433884,671.2062543471,0.90273080475791,1056.6634181935,50073.472945136,200000
9.9181765377272,673.4207628206,0.79683658324301,932.71223642024,47388.523472067,200000
11.1099941915,677.21983583657,0.72748618532787,851.53628880899,45414.772475503,200000
12.42099361065,679.60910462386,0.68338394029061,799.9137799221,43323.086523533,200000
13.863092971715,680.20329855731,0.63487147074962,743.12902014653,41022.231976365,200000
15.449402268886,680.92607606376,0.58150775425453,680.6657843934,38791.320207242,200000
17.194342495775,683.19229160478,0.52280766610994,611.95622506495,37172.236559876,200000
19.113776745353,686.20882447734,0.46592689251664,545.37620770229,35391.244547776,200000
21.225154419888,689.53083806418,0.41184383904427,482.07097446194,33432.153334468,200000
23.547669861877,693.56550757748,0.35235248022467,412.43521789755,31632.801236448,200000
26.102436848064,700.10196420389,0.30123499702309,352.6012405429,30129.557250037,200000
28.912680532871,707.1314643975,0.25049179375451,293.20536490282,28475.988864983,200000
32.003948586158,716.73313648847,0.20379826140615,238.54970538761,27002.868576213,200000
35.404343444774,729.51699336909,0.16018270808506,187.4968783258,25588.829019349,200000
39.144777789251,746.26569554062,0.11220559943186,131.33876855782,24033.385506801,200000
43.259255568176,778.95161210936,0.073604729503117,86.155722904381,22709.63968674,200000
47.785181124994,831.4088890387,0.060301077082823,70.583547049968,21365.291985159,200000
52.763699237493,868.11682484806,0.056125673042378,65.69615793855,20121.054999511,200000
58.240069161242,880.74506084735,0.053407474356463,62.514455154454,18959.154638151,200000
64.264076077367,883.0879874731,0.054177350937829,63.415610200637,18030.878651454,200000
70.890483685103,871.71004730464,0.055024215177331,64.406880751439,17168.593547292,200000
78.179532053614,855.34981123333,0.055955765840784,65.497278357322,16220.079932715,200000
86.197485258975,837.11682416007,0.056980471570581,66.696715723792,15176.71495668,200000
95.017233784872,821.07347959991,0.058107647873359,68.01609682691,14341.263110531,200000
104.71895716336,807.76314398879,0.058170784466535,68.08999939898,13682.582271626,200000
115.3908528797,797.19858026533,0.057746874784018,67.593805127362,12958.033348832,200000
127.12993816767,789.86142544797,0.057280574133249,67.047991428581,12372.812017512,200000
140.04293198443,784.16841005706,0.057732840075253,67.57737723628,11879.665972333,200000
154.24722518287,776.04865887477,0.058491977534705,68.465961937894,11337.205322637,200000
169.87194770116,766.41693232316,0.059327028740103,69.443405109669,10740.498607972,200000
187.05914247128,757.75398628921,0.06024558506604,70.518592598622,10233.892346307,200000
205.96505671841,751.40547921139,0.061255997024571,71.701298836471,9912.9967693535,200000
225.96505671841,745.13136989373,0.06229168489983,72.913591011152,9573.530956954,200000
245.96505671841,739.40656714709,0.06279848359705,73.506808436456,9267.8139766322,200000
265.96505671841,735.58560043917,0.063305282294271,74.10002586176,9041.5032729654,200000
285.96505671841,731.98577340887,0.063694615615472,74.555747850894,8815.1925692992,200000
305.96505671841,728.80283898831,0.06398855885986,74.89981395757,8605.7563541768,200000
325.96505671841,726.25680969134,0.064282502104247,75.243880064247,8436.0234479771,200000
345.96505671841,723.78345043753,0.064576445348635,75.587946170923,8266.2905417766,200000
365.96505671841,721.51823065624,0.064740115875132,75.779525606425,8113.4320757844,200000
385.96505671841,719.88609317652,0.06446540256262,75.457968497382,8000.2768049843,200000
405.96505671841,718.86868269146,0.064190689250108,75.136411388339,7887.1215341848,200000
425.96505671841,717.89630622607,0.063915975937596,74.814854279295,7773.9662633848,200000
445.96505671841,716.91749737742,0.063641262625084,74.493297170252,7660.8109925847,200000
465.96505671841,715.9291553377,0.063532401524778,74.365873200945,7547.6557217847,200000
485.96505671841,714.72690647865,0.063532401524778,74.365873200945,7434.5004509846,200000
505.96505671841,713.36860606005,0.063532401524778,74.365873200945,7321.3451801844,200000
525.96505671841,711.99637461828,0.063532401524778,74.365873200945,7208.1899093843,200000
545.96505671841,710.81062829994,0.063532401524778,74.365873200945,7111.9090787925,200000
565.96505671841,710.08206802656,0.063532401524778,74.365873200945,7055.3314433922,200000
585.96505671841,709.39351875103,0.063532401524778,74.365873200945,6998.7538079924,200000
605.96505671841,708.61428894192,0.063532401524778,74.365873200945,6933.7389283198,200000
625.96505671841,707.60675884141,0.063532401524778,74.365873200945,6848.8723941866,200000
645.96505671841,706.57843797,0.063532401524778,74.365873200945,6764.0058600531,200000
665.96505671841,705.54949829377,0.063532401524778,74.365873200945,6679.1393259199,200000
685.96505671841,704.52056554326,0.063532401524778,74.365873200945,6594.2727917866,200000
705.96505671841,703.49158520687,0.063532401524778,74.365873200945,6509.4062576533,200000
725.96505671841,702.64945915186,0.063532401524778,74.365873200945,6441.4142120648,200000
745.96505671841,702.26405593826,0.063532401524778,74.365873200945,6413.125475398,200000
765.96505671841,701.91917899763,0.063532401524778,74.365873200945,6384.8367387311,200000
785.96505671841,701.38987911639,0.063532401524778,74.365873200945,6339.6735135203,200000
805.96505671841,700.40371021822,0.063532401524778,74.365873200945,6254.8069793865,200000
825.96505671841,699.37703195965,0.063532401524778,74.365873200945,6169.9404452532,200000
845.96505671841,698.44160183669,0.063532401524778,74.365873200945,6093.5111553921,200000
865.96505671841,697.73439305454,0.063532401524778,74.365873200945,6036.9335199925,200000
885.96505671841,697.04762746488,0.063532401524778,74.365873200945,5980.3558845922,200000
900,696.56761257996,0.063532401524778,74.365873200945,5940.6526893999,200000
